<?xml version="1.0" encoding="UTF-8"?>

<!-- ================================================================================================= -->
<!-- schlag&rahm WebSphere Administration Toolkit for IBM DataPower Gateway appliances (Swat4DP) -->
<!-- Copyright (c) 2013 schlag&rahm AG, Switzerland. All rights reserved. -->
<!-- Copyright (c) 2022 IBM Schweiz AG, Switzerland. All rights reserved. -->
<!-- ================================================================================================= -->

<!-- ====================================================================== -->
<!-- Ant build file (http://ant.apache.org/) for Ant 1.10.x or above. -->
<!-- ====================================================================== -->
<project name="swat-dp-tools" default="info" basedir=".">

    <!-- The build.properties file defines the path to local jar files -->
    <property file="build.properties" />
    <property environment="env" />

    <!-- The binary files which have to be excluded for filtering and fixing CRLF -->
    <property name="binary.excludes" value="${swat.dp.tools}/config/binary-excludes.properties" />

    <!-- Taskdefs -->
    <import file="${swat.dp.tools}/ant/taskdefs.xml" />

    <!-- Base libraries -->
    <import file="${swat.dp.tools}/ant/chooser.xml" />
    <import file="${swat.dp.tools}/ant/dialogs.xml" />
    <import file="${swat.dp.tools}/ant/mail-macros.xml" />
    <import file="${swat.dp.tools}/ant/pw.xml" />
    <import file="${swat.dp.tools}/ant/xform-macros.xml" />

    <!-- Soma libraries -->
    <import file="${swat.dp.tools}/ant/soma.xml" />
    <import file="${swat.dp.tools}/ant/soma-filter.xml" />

    <!-- Security libraries -->
    <import file="${swat.dp.tools}/ant/crypto.xml" />
    <import file="${swat.dp.tools}/ant/crypto-hsm.xml" />

    <!-- Device libraries -->
    <import file="${swat.dp.tools}/ant/device.xml" />
    <import file="${swat.dp.tools}/ant/device-crypto.xml" />
    <import file="${swat.dp.tools}/ant/device-pack.xml" />
    <import file="${swat.dp.tools}/ant/device-split.xml" />

    <!-- Infrastructure libraries -->
    <import file="${swat.dp.tools}/ant/infra.xml" />

    <!-- Domain libraries -->
    <import file="${swat.dp.tools}/ant/domain.xml" />

    <!-- Service libraries -->
    <import file="${swat.dp.tools}/ant/service.xml" />
    <import file="${swat.dp.tools}/ant/service-crypto.xml" />
    <import file="${swat.dp.tools}/ant/service-pack.xml" />
    <import file="${swat.dp.tools}/ant/service-split.xml" />

    <!-- Unsorted libraries -->
    <import file="${swat.dp.tools}/ant/tokenize.xml" />
    <import file="${swat.dp.tools}/ant/ops-macros.xml" />
    <import file="${swat.dp.tools}/ant/validate.xml" />

    <!-- ================================= 
          target: info              
         ================================= -->
    <target name="info" description="show Swat4DP project information" depends="init">
        <echo message="===================================================================================================" />
        <echo message="* * * * * * * * * *   W e l c o m e  t o  S w a t 4 D P   * * * * * * * * * *" />
        <echo message="schlag&amp;rahm WebSphere Administration Toolkit for IBM DataPower Gateway appliances (Swat4DP)" />
        <echo message="Copyright (c) 2010-2023 schlag&amp;rahm AG, Switzerland. All rights reserved." />
        <echo message="Copyright (c) 2013-2023 IBM Corporation. All rights reserved." />
        <echo message="===================================================================================================" />
        <fail unless="swat.customer"
              message="Mandator/customer property has not yet been defined! Please set swat.customer with Windows-->Preferences-->Ant-->Runtime-->Properties or set the property in your swat4dp properties file (~/.swat4dp/build.properties)." />
        <echo message="Your swat4dp environment is configured for customer '${swat.customer}'" />
        <echo message=" " />
        <fail unless="swat.dp.infra"
              message="Could not determine the infra directory (project) for the mandator/customer '${swat.customer}'! Either run swat4dp within Eclipse or set the property in your swat4dp properties file (~/.swat4dp/build.properties)." />
        <echo message="Your swat.dp.infra project is set to '${swat.dp.infra}'" />
        <echo message=" " />
        <fail unless="swat.dp.customer.home"
              message="The home directory for the mandator/customer '${swat.customer}' has not yet been defined! Either run swat4dp within Eclipse or set the property in your swat4dp properties file (~/.swat4dp/build.properties)." />
        <echo message="Your customer specific home directory has been set to '${swat.dp.customer.home}'" />
        <fail message="The directory '${swat.dp.customer.home}' doesn't exist! Please check your configuration.">
            <condition>
                <not>
                    <available file="${swat.dp.customer.home}" type="dir" />
                </not>
            </condition>
        </fail>
        <echo message=" " />

        <!-- Displays the properties for this run -->
        <echo message="OS=${os.name}" />
        <echo message="JDK=${ant.java.version}" />
        <echo message="${ant.version}" />
        <echo message="build file=${ant.file}" />
        <echo message="project=${ant.project.name}" />
        <echo message="ant.file.swat-dp-tools=${ant.file.swat-dp-tools}" />
        <echo message="user home=${user.home}" />
        <echo message="" />
        <echo message="********************************************" />
        <echo message="service prefix" />
        <echoproperties prefix="service" />
        <echo message="--------------------------------------------" />
        <echo message="swat prefix" />
        <echoproperties prefix="swat" />
        <echo message="--------------------------------------------" />
        <echo message="user prefix" />
        <echoproperties prefix="user" />
        <echo message="--------------------------------------------" />
        <echo message="env prefix" />
        <echoproperties prefix="env" />
        <echo message="--------------------------------------------" />
        <echo message="ant prefix" />
        <echoproperties prefix="ant" />
        <echo message="********************************************" />
    </target>

</project>