<?xml version="1.0" encoding="UTF-8"?>
<soapenv:Envelope xmlns:soapenv="http://schemas.xmlsoap.org/soap/envelope/" xmlns:dp="http://www.datapower.com/schemas/management">
    <soapenv:Body>
        <dp:request domain="default" xmlns:dp="http://www.datapower.com/schemas/management">
            <dp:do-action>
                <HSMCloneKWK>
                    <InputFilename>temporary:///destination-two.kwk</InputFilename>
                    <OutputFilename>source-three.kwk</OutputFilename>
                </HSMCloneKWK>
            </dp:do-action>
        </dp:request>
    </soapenv:Body>
</soapenv:Envelope>
