<?xml version="1.0" encoding="UTF-8"?>
<soapenv:Envelope xmlns:soapenv="http://schemas.xmlsoap.org/soap/envelope/" xmlns:dp="http://www.datapower.com/schemas/management">
    <soapenv:Body>
        <dp:request domain="@domain.name@" xmlns:dp="http://www.datapower.com/schemas/management">
            <dp:do-action>
                <HSMCloneKWK>
                    <InputFilename>@hsm.input.filename@</InputFilename>
                    <OutputFilename>@hsm.output.filename@</OutputFilename>
                </HSMCloneKWK>
            </dp:do-action>
        </dp:request>
    </soapenv:Body>
</soapenv:Envelope>
