<datapower-configuration version="3">
    <configuration domain="@domain.name@">
        <PasswordAlias
            xmlns:env="http://www.w3.org/2003/05/soap-envelope"
            xmlns:dp="http://www.datapower.com/schemas/management"
            name="@password.alias.name@">
            <mAdminState>enabled</mAdminState>
            <UserSummary>@password.alias.comment@</UserSummary>
            <Password>@password.alias.secret@</Password>
        </PasswordAlias>
    </configuration>
</datapower-configuration>