<?xml version="1.0" encoding="UTF-8"?>

<!-- ================================================================================================= -->
<!-- schlag&rahm WebSphere Administration Toolkit for IBM WebSphere DataPower SOA appliances (Swat4DP) -->
<!-- Licensed Materials - Property of schlag&rahm -->
<!-- Copyright (c) 2010, 2013 schlag&rahm AG, Switzerland. All rights reserved. -->
<!-- Licensed Materials - Property of IBM -->
<!-- Copyright IBM Corporation 2013. All Rights Reserved. -->
<!-- US Government Users Restricted Rights - Use, duplication or disclosure -->
<!-- restricted by GSA ADP Schedule Contract with IBM Corp. -->
<!-- ================================================================================================= -->

<!-- ====================================================================== -->
<!-- Ant build file (http://ant.apache.org/) for Ant 1.8.2 or above. -->
<!-- ====================================================================== -->
<project name="swat.dp.tools.chooser" default="info" basedir=".">

    <dirname file="${ant.file.swat.dp.tools.chooser}" property="ant_chooser.dir" />
    <import file="${ant_chooser.dir}/taskdefs.xml" />
    <property name="swat.styles.dir" value="${ant_chooser.dir}/../style" />

    <!-- - - - - - - - - - - - - - - - - - 
          target: info              
         - - - - - - - - - - - - - - - - - -->
    <target name="info">
        <echo message="Targets for choosing dimensions." />
        <echo message="ant_chooser.dir = ${ant_chooser.dir}" />
        <echoproperties prefix="swat" />
    </target>

    <!-- - - - - - - - - - - - - - - - - - 
          target: load-infra-props
         - - - - - - - - - - - - - - - - - -->
    <target name="load-infra-props">
        <load-infra-props-macro />
    </target>

    <!-- = = = = = = = = = = = = = = = = =
          macrodef: load-zone-props-macro          
         = = = = = = = = = = = = = = = = = -->
    <macrodef name="load-infra-props-macro">
        <sequential>
            <echo message="Loading ${swat.dp.infra}/config/device-sets/device-sets.properties" />
            <loadproperties srcfile="${swat.dp.infra}/config/device-sets/device-sets.properties" />
            <echo message="Loading ${swat.dp.infra}/config/zones/zones.properties" />
            <loadproperties srcfile="${swat.dp.infra}/config/zones/zones.properties" />
        </sequential>
    </macrodef>

    <!-- - - - - - - - - - - - - - - - - - 
          target: choose-zone                      
         - - - - - - - - - - - - - - - - - -->
    <target name="choose-zone" depends="load-infra-props" unless="mgr.target.zone.name">
        <if>
            <contains string="${swat.zone.list}" substring="," />
            <then>
                <antform title="Swat4DP - Zone Selection"
                         stylesheet="${swat.styles.dir}/style.properties"
                         icon="${swat.styles.dir}/favicon.png">
                    <label>Choose the Target Zone.</label>
                    <selectionproperty label="Target Zone : "
                                       property="mgr.target.zone.name"
                                       values="${swat.zone.list}" />
                    <controlbar>
                        <button label="Ok" type="ok" />
                        <button label="Cancel" type="cancel" target="cancel" />
                    </controlbar>
                </antform>
            </then>
            <else>
                <echo message="setting mgr.target.zone.name to ${swat.zone.list}" />
                <property name="mgr.target.zone.name" value="${swat.zone.list}" />
            </else>
        </if>
        <fail unless="mgr.target.zone.name" message="Choosing target zone aborted." />
    </target>

    <!-- - - - - - - - - - - - - - - - - - 
          target: load-zone-props
         - - - - - - - - - - - - - - - - - -->
    <target name="load-zone-props" depends="choose-zone" if="mgr.target.zone.name">
        <load-zone-props-macro zone="${mgr.target.zone.name}" />
    </target>

    <!-- = = = = = = = = = = = = = = = = =
          macrodef: load-zone-props-macro          
         = = = = = = = = = = = = = = = = = -->
    <macrodef name="load-zone-props-macro">
        <attribute name="zone" />
        <sequential>
            <echo message="Loading ${swat.dp.infra}/config/zones/@{zone}/@{zone}.properties" />
            <loadproperties srcfile="${swat.dp.infra}/config/zones/@{zone}/@{zone}.properties" />
            <echo message="Loading ${swat.dp.infra}/config/zones/@{zone}/envs/envs.properties" />
            <loadproperties srcfile="${swat.dp.infra}/config/zones/@{zone}/envs/envs.properties" />
        </sequential>
    </macrodef>

    <!-- - - - - - - - - - - - - - - - - - 
          target: choose-env                      
         - - - - - - - - - - - - - - - - - -->
    <target name="choose-env" depends="choose-zone,load-zone-props" unless="mgr.target.env.name">
        <if>
            <contains string="${swat.env.list}" substring="," />
            <then>
                <antform title="Swat4DP - Environment Selection"
                         stylesheet="${swat.styles.dir}/style.properties"
                         icon="${swat.styles.dir}/favicon.png">
                    <label>Choose the Target Environment.</label>
                    <selectionproperty label="Target Environment : "
                                       property="mgr.target.env.name"
                                       values="${swat.env.list}" />
                    <controlbar>
                        <button label="Ok" type="ok" />
                        <button label="Cancel" type="cancel" target="cancel" />
                    </controlbar>
                </antform>
            </then>
            <else>
                <echo message="setting mgr.target.env.name to ${swat.env.list}" />
                <property name="mgr.target.env.name" value="${swat.env.list}" />
            </else>
        </if>
        <fail unless="mgr.target.env.name" message="Choosing target environment aborted." />
    </target>

    <!-- - - - - - - - - - - - - - - - - - 
          target: load-env-props
         - - - - - - - - - - - - - - - - - -->
    <target name="load-env-props" depends="choose-env" if="mgr.target.env.name">
        <load-env-props-macro zone="${mgr.target.zone.name}" env="${mgr.target.env.name}" />
    </target>

    <!-- = = = = = = = = = = = = = = = = =
          macrodef: load-env-props-macro          
         = = = = = = = = = = = = = = = = = -->
    <macrodef name="load-env-props-macro">
        <attribute name="zone" />
        <attribute name="env" />
        <sequential>
            <echo message="Loading ${swat.dp.infra}/config/zones/@{zone}/envs/@{env}/@{env}.properties" />
            <loadproperties srcfile="${swat.dp.infra}/config/zones/@{zone}/envs/@{env}/@{env}.properties" />
        </sequential>
    </macrodef>

    <!-- - - - - - - - - - - - - - - - - - 
          target: choose-domain                      
         - - - - - - - - - - - - - - - - - -->
    <target name="choose-domain" depends="choose-env,load-env-props" unless="mgr.target.domain.alias">
        <if>
            <contains string="${swat.domain.list}" substring="," />
            <then>
                <antform title="Swat4DP - Domain Selection"
                         stylesheet="${swat.styles.dir}/style.properties"
                         icon="${swat.styles.dir}/favicon.png">
                    <label>Choose the Target Domain.</label>
                    <selectionproperty label="Target Domain Alias: "
                                       property="mgr.target.domain.alias"
                                       values="${swat.domain.list}" />
                    <controlbar>
                        <button label="Ok" type="ok" />
                        <button label="Cancel" type="cancel" target="cancel" />
                    </controlbar>
                </antform>
            </then>
            <else>
                <echo message="setting mgr.target.domain.alias to ${swat.domain.list}" />
                <property name="mgr.target.domain.alias" value="${swat.domain.list}" />
            </else>
        </if>
        <fail unless="mgr.target.domain.alias" message="Choosing target domain aborted." />
    </target>

    <!-- - - - - - - - - - - - - - - - - - 
          target: load-domain-props
          - - - - - - - - - - - - - - - - - -->
    <target name="load-domain-props" depends="choose-domain" if="mgr.target.domain.alias">
        <load-domain-props-macro zone="${mgr.target.zone.name}"
                                 env="${mgr.target.env.name}"
                                 domain="${mgr.target.domain.alias}" />
    </target>

    <!-- = = = = = = = = = = = = = = = = =
          macrodef: load-domain-props-macro          
         = = = = = = = = = = = = = = = = = -->
    <macrodef name="load-domain-props-macro">
        <attribute name="zone" />
        <attribute name="env" />
        <attribute name="domain" />
        <sequential>
            <echo message="Loading ${swat.dp.infra}/config/zones/@{zone}/envs/@{env}/domains/@{domain}.properties" />
            <loadproperties srcfile="${swat.dp.infra}/config/zones/@{zone}/envs/@{env}/domains/@{domain}.properties" />
        </sequential>
    </macrodef>

    <!-- - - - - - - - - - - - - - - - - - 
          target: choose-service                      
         - - - - - - - - - - - - - - - - - -->
    <target name="choose-service" depends="choose-domain,load-domain-props" unless="mgr.target.service.name">
        <if>
            <contains string="${swat.service.list}" substring="," />
            <then>
                <antform title="Swat4DP - Service Selection"
                         stylesheet="${swat.styles.dir}/style.properties"
                         icon="${swat.styles.dir}/favicon.png">
                    <label>Choose the Target Service.</label>
                    <selectionproperty label="Target Service : "
                                       property="mgr.target.service.name"
                                       values="${swat.service.list}" />
                    <controlbar>
                        <button label="Ok" type="ok" />
                        <button label="Cancel" type="cancel" target="cancel" />
                    </controlbar>
                </antform>
            </then>
            <else>
                <echo message="setting mgr.target.service.name to ${swat.service.list}" />
                <property name="mgr.target.service.name" value="${swat.service.list}" />
            </else>
        </if>
        <fail unless="mgr.target.service.name" message="Choosing target service aborted." />
    </target>

    <!-- - - - - - - - - - - - - - - - - - 
          target: load-service-props
          - - - - - - - - - - - - - - - - - -->
    <target name="load-service-props" depends="choose-service" if="mgr.target.service.name">
        <load-service-props-macro zone="${mgr.target.zone.name}"
                                  env="${mgr.target.env.name}"
                                  domain="${mgr.target.domain.alias}"
                                  service="${mgr.target.service.name}" />

        <if>
            <not>
                <isset property="domain.name" />
            </not>
            <then>
                <echo message="ATTENTION: using swat-dp-infra domain name as service specific domain name is not set!" />
                <property name="domain.name" value="${swat.domain.name}" />
            </then>
        </if>
        <echo message="using domain.name = ${domain.name}" />
    </target>

    <!-- = = = = = = = = = = = = = = = = =
          macrodef: load-service-props-macro          
         = = = = = = = = = = = = = = = = = -->
    <macrodef name="load-service-props-macro">
        <attribute name="zone" />
        <attribute name="env" />
        <attribute name="domain" />
        <attribute name="service" />
        <sequential>
            <propertyregex property="swat.running.from.service.dir"
                           input="${basedir}"
                           regexp="^.*[/|\\][\w-]*@{service}$"
                           select="true"
                           casesensitive="false"
                           defaultvalue="false" />

            <service-create-project-prefix-macro zone="@{zone}" domain="@{domain}" />

            <property name="swat.current.service" value="${service.project.prefix}-@{service}" />
            <echo message="Current service: ${swat.current.service}" />
            <echo message="Running from service directory: ${swat.running.from.service.dir}" />

            <!-- determine parent dir of the current service -->
            <if>
                <istrue value="${swat.running.from.service.dir}" />
                <then>
                    <property name="swat.current.service.parent" location="${basedir}/.." />
                    <property name="swat.current.service.home" location="${basedir}" />
                </then>
                <elseif>
                    <isset property="service.mvn.aggregator" />
                    <then>
                        <property name="swat.current.service.parent"
                                  location="${swat.dp.customer.home}/${service.mvn.aggregator}" />
                        <property name="swat.current.service.home"
                                  location="${swat.current.service.parent}/${service.project.prefix}-@{service}" />
                    </then>
                </elseif>
                <else>
                    <property name="swat.current.service.parent" location="${swat.dp.customer.home}" />
                    <property name="swat.current.service.home"
                              location="${swat.dp.customer.home}/${service.project.prefix}-@{service}" />
                </else>
            </if>

            <fail message="Could not determine the parent directory for service @{service}!">
                <condition>
                    <not>
                        <available file="${swat.current.service.parent}" type="dir" />
                    </not>
                </condition>
            </fail>

            <fail message="Could not determine the home directory for service @{service}!">
                <condition>
                    <not>
                        <available file="${swat.current.service.home}" type="dir" />
                    </not>
                </condition>
            </fail>

            <!-- set current service properties -->
            <property name="swat.current.service.common.home"
                      location="${swat.current.service.parent}/${service.project.prefix}-common" />

            <echo message="Setting property swat.current.service.home = ${swat.current.service.home}" />


            <if>
                <isset property="project.version" />
                <then>
                    <echo message="project.version = ${project.version}" />
                </then>
                <else>
                    <property name="project.version" value="${env.USERNAME}" />
                </else>
            </if>
            <if>
                <isset property="buildNumber" />
                <then>
                    <echo message="buildNumber = ${buildNumber}" />
                </then>
                <else>
                    <property name="buildNumber" value="${FILESTAMP}" />
                </else>
            </if>

            <echo message="Loading properties ${swat.current.service.home}/build.properties" />
            <loadproperties srcfile="${swat.current.service.home}/build.properties">
                <filterchain>
                    <replacetokens>
                        <token key="version" value="${project.version}" />
                        <token key="build.number" value="${buildNumber}" />
                        <token key="build.time" value="${FILESTAMP}" />
                    </replacetokens>
                </filterchain>
            </loadproperties>

            <echo message="Loading properties ${swat.current.service.home}/config/@{env}.properties" />
            <loadproperties srcfile="${swat.current.service.home}/config/@{env}.properties" />

        </sequential>
    </macrodef>

    <!-- - - - - - - - - - - - - - - - - - 
          target: choose-deployment-policy   
         - - - - - - - - - - - - - - - - - -->
    <target name="choose-deployment-policy" unless="mgr.target.deployment-policy.name">
        <!-- TODO concat the list of deployment objects from swat.deployment-policy.list and service.deployment-policy.list -->
        <if>
            <isset property="swat.deployment-policy.list" />
            <then>
                <!-- At least one policy is defined, give the choice -->
                <antform title="Swat4DP - Deployment Policy Selection [${service.name}]"
                         stylesheet="${swat.styles.dir}/style.properties"
                         icon="${swat.styles.dir}/favicon.png">
                    <label>Choose the Target Deployment Policy.</label>
                    <selectionproperty label="Target Deployment Policy : "
                                       property="mgr.target.deployment-policy.name.tmp"
                                       values="none,${swat.deployment-policy.list}" />
                    <controlbar>
                        <button label="Ok" type="ok" />
                        <button label="Cancel" type="cancel" target="cancel" />
                    </controlbar>
                </antform>
                <!-- Handle the choice for none (empty) or a chosen one -->
                <if>
                    <equals arg1="${mgr.target.deployment-policy.name.tmp}" arg2="none" />
                    <then>
                        <property name="mgr.target.deployment-policy.name" value="" />
                    </then>
                    <else>
                        <property name="mgr.target.deployment-policy.name"
                                  value="${mgr.target.deployment-policy.name.tmp}" />
                        <fail unless="mgr.target.deployment-policy.name"
                              message="Choosing target deployment-policy aborted." />
                    </else>
                </if>
            </then>
            <else>
                <echo message="setting mgr.target.deployment-policy.name.tmp to ''" />
                <property name="mgr.target.deployment-policy.name" value="" />
            </else>
        </if>
    </target>

    <!-- - - - - - - - - - - - - - - - - - 
          target: choose-device-set                      
         - - - - - - - - - - - - - - - - - -->
    <target name="choose-device-set" depends="load-infra-props" unless="mgr.target.device-set.name">
        <if>
            <contains string="${swat.device-set.list}" substring="," />
            <then>
                <antform title="Swat4DP - Device-Set Selection"
                         stylesheet="${swat.styles.dir}/style.properties"
                         icon="${swat.styles.dir}/favicon.png">
                    <label>Choose the Target Device-Set.</label>
                    <selectionproperty label="Target Device-Set : "
                                       property="mgr.target.device-set.name"
                                       values="${swat.device-set.list}" />
                    <controlbar>
                        <button label="Ok" type="ok" />
                        <button label="Cancel" type="cancel" target="cancel" />
                    </controlbar>
                </antform>
            </then>
            <else>
                <echo message="setting mgr.target.device-set.name to ${swat.device-set.list}" />
                <property name="mgr.target.device-set.name" value="${swat.device-set.list}" />
            </else>
        </if>
        <fail unless="mgr.target.device-set.name" message="Choosing target device-set aborted." />
    </target>

    <!-- - - - - - - - - - - - - - - - - - 
          target: load-device-set-props
         - - - - - - - - - - - - - - - - - -->
    <target name="load-device-set-props" depends="choose-device-set" if="mgr.target.device-set.name">
        <load-device-set-props-macro device-set="${mgr.target.device-set.name}" />
    </target>

    <!-- = = = = = = = = = = = = = = = = =
          macrodef: load-device-set-props-macro          
         = = = = = = = = = = = = = = = = = -->
    <macrodef name="load-device-set-props-macro">
        <attribute name="device-set" />
        <sequential>
            <echo message="Loading ${swat.dp.infra}/config/device-sets/@{device-set}.properties" />
            <loadproperties srcfile="${swat.dp.infra}/config/device-sets/@{device-set}.properties" />
        </sequential>
    </macrodef>

    <!-- - - - - - - - - - - - - - - - - - 
          target: choose-device                      
         - - - - - - - - - - - - - - - - - -->
    <target name="choose-device" depends="choose-device-set,load-device-set-props" unless="mgr.target.device.name">
        <if>
            <contains string="${swat.device.list}" substring="," />
            <then>
                <antform title="Swat4DP - Device Selection"
                         stylesheet="${swat.styles.dir}/style.properties"
                         icon="${swat.styles.dir}/favicon.png">
                    <label>Choose the Target Device.</label>
                    <selectionproperty label="Target Device : "
                                       property="mgr.target.device.name"
                                       values="${swat.device.list}" />
                    <controlbar>
                        <button label="Ok" type="ok" />
                        <button label="Cancel" type="cancel" target="cancel" />
                    </controlbar>
                </antform>
            </then>
            <else>
                <echo message="setting mgr.target.device.name to ${swat.device.list}" />
                <property name="mgr.target.device.name" value="${swat.device.list}" />
            </else>
        </if>
        <fail unless="mgr.target.device.name" message="Choosing target device aborted." />
    </target>

    <!-- - - - - - - - - - - - - - - - - - 
          target: load-device-props
         - - - - - - - - - - - - - - - - - -->
    <target name="load-device-props" depends="choose-device" if="mgr.target.device.name">
        <load-device-props-macro device="${mgr.target.device.name}" />
    </target>

    <!-- = = = = = = = = = = = = = = = = =
          macrodef: load-device-props-macro          
         = = = = = = = = = = = = = = = = = -->
    <macrodef name="load-device-props-macro">
        <attribute name="device" />
        <sequential>
            <echo message="Loading ${swat.dp.devices}/config/@{device}.properties" />
            <loadproperties srcfile="${swat.dp.devices}/config/@{device}.properties" />

            <!-- NOTE: eventhough the devices project is not a service this property has to be set -->
            <property name="swat.current.service.home" location="${swat.dp.devices}" />

        </sequential>
    </macrodef>

    <!-- - - - - - - - - - - - - - - - - - 
          target: choose-multi-device                      
         - - - - - - - - - - - - - - - - - -->
    <target name="choose-multi-device">
        <!-- collect all device names by scanning the swat-dp-deivces project-->
        <for param="file">
            <path>
                <fileset dir="${swat.dp.devices}/config" includes="*.properties" />
            </path>
            <sequential>
                <!-- echo message="file: @{file}" / -->
                <propertyregex override="yes"
                               property="local.device.name"
                               input="@{file}"
                               regexp=".*[/\\]([^\.]*)\.properties"
                               select="\1" />

                <!-- echo message="device name: ${local.device.name}" / -->
                <if>
                    <isset property="local.device.list" />
                    <then>
                        <var name="local.device.list" value="${local.device.list},${local.device.name}" />
                    </then>
                    <else>
                        <var name="local.device.list" value="${local.device.name}" />
                    </else>
                </if>
                <var name="local.device.name" unset="true" />
            </sequential>
        </for>

        <echo message="device list: ${local.device.list}" />

        <antform title="Swat4DP - Multi Device Selection"
                 stylesheet="${swat.styles.dir}/style.properties"
                 icon="${swat.styles.dir}/favicon.png">
            <label>Choose the Source and Destination Device.</label>
            <selectionproperty label="Source " property="source.device.name" values="${local.device.list}" />
            <selectionproperty label="Destination " property="destination.device.name" values="${local.device.list}" />
            <controlbar>
                <button label="Ok" type="ok" />
                <button label="Cancel" type="cancel" target="cancel" />
            </controlbar>
        </antform>
        <var name="local.device.list" unset="true" />
        <fail unless="source.device.name" message="Multi Device Selection aborted." />
        <fail unless="destination.device.name" message="Multi Device Selection aborted." />
    </target>

    <!-- - - - - - - - - - - - - - - - - - 
          target: load-user                      
         - - - - - - - - - - - - - - - - - -->
    <target name="load-user" depends="choose-device-set" unless="mgr.target.user.name">
        <load-user-macro device-set="${mgr.target.device-set.name}" />
    </target>

    <!-- = = = = = = = = = = = = = = = = =
          macrodef: load-user-macro          
         = = = = = = = = = = = = = = = = = -->
    <macrodef name="load-user-macro">
        <attribute name="device-set" />
        <sequential>
            <if>
                <isset property="mgr.target.user.name.@{device-set}" />
                <then>
                    <propertycopy name="mgr.target.user.name" from="mgr.target.user.name.@{device-set}" />
                    <echo message="Set user name for device-set @{device-set}: [${mgr.target.user.name}]" />
                </then>
                <else>
                    <if>
                        <isset property="mgr.target.user.name.default" />
                        <then>
                            <propertycopy name="mgr.target.user.name" from="mgr.target.user.name.default" />
                            <echo message="Set default user name (mgr.target.user.name.default) for all device-sets: [${mgr.target.user.name}]" />
                        </then>
                        <else>
                            <echo message="No user name has been set in your settings file (${swat.dp.infra}/settings/${user.name}.properties)." />
                            <dialog-username-password-macro user-property="mgr.target.user.name"
                                                            pwd-property="mgr.target.password.value"
                                                            title="Login to @{device-set}" />
                        </else>
                    </if>
                </else>
            </if>
            <fail message="No user name set, please adjust your settings-file (${swat.dp.infra}/settings/${user.name}.properties)."
                  unless="mgr.target.user.name" />
        </sequential>
    </macrodef>

    <!-- - - - - - - - - - - - - - - - - - 
          target: choose-password                      
         - - - - - - - - - - - - - - - - - -->
    <target name="choose-password" depends="load-password" unless="mgr.target.password.value">
        <dialog-password-macro title="Password Prompt [${mgr.target.user.name}]"
                               label="Password Prompt for User [${mgr.target.user.name}] on device-set [${mgr.target.device-set.name}]: "
                               property="mgr.target.password.value"
                               tooltip="Set the password for the User ${mgr.target.user.name} and device-set ${mgr.target.device-set.name}."
                               fail-message="Password has to be set, abort." />
    </target>

    <!-- - - - - - - - - - - - - - - - - - 
          target: load-password                      
         - - - - - - - - - - - - - - - - - -->
    <target name="load-password" depends="load-user" unless="mgr.target.password.value">
        <load-password-macro device-set="${mgr.target.device-set.name}" />
    </target>

    <!-- = = = = = = = = = = = = = = = = =
          macrodef: load-password-macro          
         = = = = = = = = = = = = = = = = = -->
    <macrodef name="load-password-macro">
        <attribute name="device-set" />

        <sequential>
            <if>
                <isset property="mgr.target.password.value.@{device-set}" />
                <then>
                    <propertycopy name="mgr.target.password.value" from="mgr.target.password.value.@{device-set}" />
                    <echo message="Password pre-set for user [${mgr.target.user.name}] on device-set [@{device-set}]." />
                </then>
                <else>
                    <if>
                        <isset property="mgr.target.password.value.default" />
                        <then>
                            <propertycopy name="mgr.target.password.value" from="mgr.target.password.value.default" />
                            <echo message="Password pre-set for user [${mgr.target.user.name}] for all device-sets." />
                        </then>
                        <else>
                            <if>
                                <and>
                                    <isset property="mgr.target.password.value" />
                                    <length string="${mgr.target.password.value}" trim="true" when="gt" length="7" />
                                </and>
                                <then>
                                    <echo message="Password has been set by a previous dialog." />
                                    <propertycopy name="mgr.target.password.value"
                                                  from="mgr.target.password.value.temp" />
                                </then>
                                <else>
                                    <echo message="No password has been set for the device set @{device-set} in your settings file (${swat.dp.infra}/settings/${user.name}.properties)." />
                                    <dialog-password-macro property="mgr.target.password.value"
                                                           title="Password for user ${mgr.target.user.name} on @{device-set}" />
                                    <var name="mgr.target.password.value.temp" value="${mgr.target.password.value}" />
                                </else>
                            </if>
                        </else>
                    </if>
                </else>
            </if>
            <if>
                <matches pattern="^\{aes\}.+" string="${mgr.target.password.value}" />
                <then>
                    <decrypt-password-macro password.text="${mgr.target.password.value}"
                                            password.property="mgr.target.password.value" />
                </then>
            </if>
            <fail unless="mgr.target.password.value" message="Password has not been set!" />
        </sequential>
    </macrodef>

    <!-- - - - - - - - - - - - - - - - - - 
          target: choose-crypto-prefix                      
         - - - - - - - - - - - - - - - - - -->
    <target name="choose-crypto-prefix" depends="load-service-props" unless="mgr.target.crypto-prefix.name">
        <if>
            <isset property="crypto.prefix.list" />
            <then>
                <if>
                    <contains string="${crypto.prefix.list}" substring="," />
                    <then>
                        <antform title="Swat4DP - Crypto-Prefix Selection"
                                 stylesheet="${swat.styles.dir}/style.properties"
                                 icon="${swat.styles.dir}/favicon.png">
                            <label>Choose the Target Crypto-Prefix.</label>
                            <selectionproperty label="Target Crypto-Prefix : "
                                               property="mgr.target.crypto-prefix.name"
                                               values="${crypto.prefix.list}" />
                            <controlbar>
                                <button label="Ok" type="ok" />
                                <button label="Cancel" type="cancel" target="cancel" />
                            </controlbar>
                        </antform>
                    </then>
                    <else>
                        <echo message="setting mgr.target.crypto-prefix.name to ${crypto.prefix.list}" />
                        <property name="mgr.target.crypto-prefix.name" value="${crypto.prefix.list}" />
                    </else>
                </if>
            </then>
            <else>
                <fail unless="crypto.cn"
                      message="No crypto.prefix.list property defined, and no crypto.cn property defined, abort." />
                <echo message="setting mgr.target.crypto-prefix.name to crypto" />
                <property name="mgr.target.crypto-prefix.name" value="crypto" />
            </else>
        </if>
        <fail unless="mgr.target.crypto-prefix.name" message="Choosing target crypto-prefix aborted." />
    </target>

    <!-- - - - - - - - - - - - - - - - - - 
          target: cancel 
         - - - - - - - - - - - - - - - - - -->
    <target name="cancel">
        <fail message="Process has been aborted!" status="0" />
    </target>
</project>