<?xml version="1.0" encoding="UTF-8"?>

<!-- ================================================================================================= -->
<!-- schlag&rahm WebSphere Administration Toolkit for IBM WebSphere DataPower SOA appliances (Swat4DP) -->
<!-- Copyright (c) 2013 schlag&rahm AG, Switzerland. All rights reserved. -->
<!-- ================================================================================================= -->

<!-- ====================================================================== -->
<!-- Ant build file (http://ant.apache.org/) for Ant 1.8.2 or above. -->
<!-- ====================================================================== -->
<project name="swat-dp-tools.crypto-hsm" default="info" basedir=".">

    <dirname file="${ant.file.swat-dp-tools.crypto-hsm}" property="ant_cryptohsm.dir" />
    <import file="${ant_cryptohsm.dir}/taskdefs.xml" />

    <!-- ================================= 
          target: info              
         ================================= -->
    <target name="info">
        <echo message="DataPower HSM Crypto Tool macros for swat-dp-tools" />
    </target>

    <!-- = = = = = = = = = = = = = = = = =
          macrodef: exchange-hsm-kwk-on-device-set-macro          
         = = = = = = = = = = = = = = = = = -->
    <macrodef name="exchange-hsm-kwk-on-device-set-macro">
        <attribute name="device-set" />
        <attribute name="domain" default="default" />
        <sequential>
            <!-- Load device-set settings based on the chosen enviroment -->
            <load-device-set-props-macro device-set="@{device-set}" />

            <echo message="devices: ${swat.device.list}" />

            <for list="${swat.device.list}" param="device">
                <sequential>
                    <echo message="@{device}" />
                    <if>
                        <equals arg1="@{device}" arg2="${swat.device.master}" />
                        <then>
                            <property name="source-device" value="@{device}" />
                        </then>
                        <else>
                            <property name="destination-device" value="@{device}" />
                        </else>
                    </if>
                </sequential>
            </for>

            <fail unless="source-device" message="source-device has not been set!" />
            <fail unless="destination-device" message="destination-device has not been set!" />

            <echo message="Cloning HSM key-wrapping-key between ${source-device} and ${destination-device}..." />

            <!--
                To clone a key-wrapping key: 
                ============================ 
                1. Transfer key material from the source to the destination: 
                a. On the source appliance, click Administration - Miscellaneous - Crypto Tools. 
                b. Click the Clone HSM Key Wrapping Key tab. 
                c. Leave Input File Name set to None.
                d. In the Output File Name field, enter a name, such as source-one. 
                e. Click Clone HSM Key Wrapping Key. 
                f. Click Confirm. 
                g. Check for the presence of the newly created file in the temporary: directory. 
                h. Copy the newly created file to the temporary: directory on the destination appliance. 
                2. Transfer key material from the destination to the source: 
                a. On the destination appliance, click Administration - Miscellaneous - Crypto Tools. 
                b. Click the Clone HSM Key Wrapping Key tab. 
                c. Set the Input File Name to the name of the file just transferred from the source appliance (for example, source-one in the temporary: directory). 
                d. Set the Output File Name to any name, such as destination-two. 
                e. Click Clone HSM Key Wrapping Key. 
                f. Click Confirm to continue the key cloning process. 
                g. Check for the presence of the newly created file in the temporary: directory. 
                h. Copy the newly created file to the temporary: directory on the source appliance. 
                3. Transfer key material from the source to the destination: 
                a. On the source appliance, click Administration - Miscellaneous - Crypto Tools. 
                b. Click the Clone HSM Key Wrapping Key tab. 
                c. Set the Input File Name to the name of the file just transferred from the destination appliance (for example, destination-two in the temporary: directory). 
                d. Set the Output File Name to any name, such as source-three.
                e. Click Clone HSM Key Wrapping Key. 
                f. Click Confirm to continue the key cloning process. 
                g. Check for the presence of the newly created file in the temporary: directory. 
                h. Copy the newly created file to the temporary: directory on the destination, appliance. 
                4. Clone key-wrapping key on destination: 
                a. On the destination device, click Administration - Miscellaneous - Crypto Tools. 
                b. Click the Clone HSM Key Wrapping Key tab. 
                c. Set the value of the Input File Name field to the name of the file just transferred from the source device (for example, source-three in the temporary: directory). 
                d. Leave the Output File Name blank. 
                e. Click Clone HSM Key Wrapping Key. 
                f. Follow the instructions in the dialog box to complete the key cloning process.
            -->

            <exchange-hsm-kwk-macro source-device="${source-device}" destination-device="${destination-device}" />

        </sequential>
    </macrodef>


    <!-- = = = = = = = = = = = = = = = = =
          macrodef: exchange-hsm-kwk-macro          
         = = = = = = = = = = = = = = = = = -->
    <macrodef name="exchange-hsm-kwk-macro">
        <attribute name="source-device" />
        <attribute name="destination-device" />
        <attribute name="domain" default="default" />
        <sequential>

            <property name="source-device" value="@{source-device}" />
            <property name="destination-device" value="@{destination-device}" />

            <fail unless="source-device" message="source-device has not been set!" />
            <fail unless="destination-device" message="destination-device has not been set!" />

            <echo message="Cloning HSM key-wrapping-key between ${source-device} and ${destination-device}..." />
            <delete dir="dist/crypto/hsm" />

            <!-- Step 1: source-one -->
            <var name="device" value="${source-device}" />
            <echo message="Step 1: source-one [${device}]" />
            <soma-prepare-request-macro soma.request="hsm-clone-kwk-step-1"
                                        domain="@{domain}"
                                        tmp.dir="crypto/hsm/step1" />
            <soma-prepare-request-macro soma.request="getfile"
                                        domain="@{domain}"
                                        dp.file.name="temporary:///source-one.kwk"
                                        tmp.dir="crypto/hsm/step1" />
            <soma-prepare-request-macro soma.request="deletefile"
                                        domain="@{domain}"
                                        dp.file.name="temporary:///source-one.kwk"
                                        tmp.dir="crypto/hsm/step1" />
            <soma-run-multi-requests-on-single-device-macro device="${source-device}"
                                                            soma.requests="hsm-clone-kwk-step-1,getfile,deletefile"
                                                            tmp.dir="crypto/hsm/step1"
                                                            check.response="true" />
            <xslt processor="trax"
                  in="dist/crypto/hsm//step1/getfile-response.xml"
                  style="${swat.dp.tools}/soma/xsl/extract-file.xsl"
                  out="dist/crypto/hsm/step1/source-one.kwk.b64"
                  classpathref="swat.dp.tools.classpath" />

            <!-- input>Step 1 - done : Press Return key to continue...</input -->

            <!-- Step 2: destination-two -->
            <var name="device" value="${destination-device}" />
            <echo message="Step 2: destination-two [${device}]" />
            <soma-prepare-request-macro soma.request="setfile"
                                        domain="@{domain}"
                                        content.exists="true"
                                        content.dir="dist/crypto/hsm/step1"
                                        content.file="source-one.kwk.b64"
                                        content.encoded="true"
                                        tmp.dir="crypto/hsm/step2"
                                        dp.file.name="temporary:///source-one.kwk" />
            <soma-prepare-request-macro soma.request="hsm-clone-kwk-step-2" tmp.dir="crypto/hsm/step2" />
            <soma-prepare-request-macro soma.request="getfile"
                                        domain="@{domain}"
                                        dp.file.name="temporary:///destination-two.kwk"
                                        tmp.dir="crypto/hsm/step2" />
            <soma-prepare-request-macro soma.request="deletefile"
                                        domain="@{domain}"
                                        dp.file.name="temporary:///destination-two.kwk"
                                        tmp.dir="crypto/hsm/step2" />
            <soma-run-multi-requests-on-single-device-macro device="${destination-device}"
                                                            soma.requests="setfile,hsm-clone-kwk-step-2,getfile,deletefile"
                                                            tmp.dir="crypto/hsm/step2"
                                                            check.response="true" />
            <xslt processor="trax"
                  in="dist/crypto/hsm/step2/getfile-response.xml"
                  style="${swat.dp.tools}/soma/xsl/extract-file.xsl"
                  out="dist/crypto/hsm/step2/destination-two.kwk.b64"
                  classpathref="swat.dp.tools.classpath" />
            <soma-prepare-request-macro soma.request="deletefile"
                                        domain="@{domain}"
                                        dp.file.name="temporary:///source-one.kwk"
                                        tmp.dir="crypto/hsm/step2" />
            <soma-run-single-request-on-single-device-macro device="${destination-device}"
                                                            soma.request="deletefile"
                                                            tmp.dir="crypto/hsm/step2"
                                                            check.response="true" />

            <!-- input>Step 2 - done : Press Return key to continue...</input -->

            <!-- Step 3: source-three -->
            <var name="device" value="${source-device}" />
            <echo message="Step 3: source-three [${device}]" />
            <soma-prepare-request-macro soma.request="setfile"
                                        domain="@{domain}"
                                        content.exists="true"
                                        content.dir="dist/crypto/hsm/step2"
                                        content.file="destination-two.kwk.b64"
                                        content.encoded="true"
                                        tmp.dir="crypto/hsm/step3"
                                        dp.file.name="temporary:///destination-two.kwk" />
            <soma-prepare-request-macro soma.request="hsm-clone-kwk-step-3"
                                        domain="@{domain}"
                                        tmp.dir="crypto/hsm/step3" />
            <soma-prepare-request-macro soma.request="getfile"
                                        domain="@{domain}"
                                        dp.file.name="temporary:///source-three.kwk"
                                        tmp.dir="crypto/hsm/step3" />
            <soma-prepare-request-macro soma.request="deletefile"
                                        domain="@{domain}"
                                        dp.file.name="temporary:///source-three.kwk"
                                        tmp.dir="crypto/hsm/step3" />
            <soma-run-multi-requests-on-single-device-macro device="${source-device}"
                                                            soma.requests="setfile,hsm-clone-kwk-step-3,getfile,deletefile"
                                                            tmp.dir="crypto/hsm/step3"
                                                            check.response="true" />
            <xslt processor="trax"
                  in="dist/crypto/hsm/step3/getfile-response.xml"
                  style="${swat.dp.tools}/soma/xsl/extract-file.xsl"
                  out="dist/crypto/hsm/step3/source-three.kwk.b64"
                  classpathref="swat.dp.tools.classpath" />
            <soma-prepare-request-macro soma.request="deletefile"
                                        domain="@{domain}"
                                        dp.file.name="temporary:///destination-two.kwk"
                                        tmp.dir="crypto/hsm/step3" />
            <soma-run-single-request-on-single-device-macro device="${source-device}"
                                                            soma.request="deletefile"
                                                            tmp.dir="crypto/hsm/step3"
                                                            check.response="true" />

            <!-- input>Step 3 - done : Press Return key to continue...</input -->

            <!-- Step 4: final (destination-four) -->
            <var name="device" value="${destination-device}" />
            <echo message="Step 4: final (destination-four) [${device}]" />
            <soma-prepare-request-macro soma.request="setfile"
                                        domain="@{domain}"
                                        content.exists="true"
                                        content.dir="dist/crypto/hsm/step3"
                                        content.file="source-three.kwk.b64"
                                        content.encoded="true"
                                        tmp.dir="crypto/hsm/step4"
                                        dp.file.name="temporary:///source-three.kwk" />
            <soma-prepare-request-macro soma.request="hsm-clone-kwk-step-4"
                                        domain="@{domain}"
                                        tmp.dir="crypto/hsm/step4" />
            <soma-prepare-request-macro soma.request="deletefile"
                                        domain="@{domain}"
                                        dp.file.name="temporary:///source-three.kwk"
                                        tmp.dir="crypto/hsm/step4" />
            <soma-run-multi-requests-on-single-device-macro device="${destination-device}"
                                                            soma.requests="setfile,hsm-clone-kwk-step-4,deletefile"
                                                            tmp.dir="crypto/hsm/step4"
                                                            check.response="true" />

        </sequential>
    </macrodef>
</project>