<?xml version="1.0" encoding="ISO-8859-1"?>

<!-- ================================================================================================= -->
<!-- schlag&rahm WebSphere Administration Toolkit for IBM WebSphere DataPower SOA appliances (Swat4DP) -->
<!-- Licensed Materials - Property of schlag&rahm -->
<!-- Copyright � 2010, 2013 schlag&rahm AG, Switzerland. All rights reserved. -->
<!-- Licensed Materials - Property of IBM -->
<!-- Copyright IBM Corporation 2013. All Rights Reserved. -->
<!-- US Government Users Restricted Rights - Use, duplication or disclosure -->
<!-- restricted by GSA ADP Schedule Contract with IBM Corp. -->
<!-- ================================================================================================= -->

<!-- ====================================================================== -->
<!-- Ant build file (http://ant.apache.org/) for Ant 1.8.2 or above. -->
<!-- ====================================================================== -->
<project name="swat-dp-tools.device" default="info" basedir=".">

    <dirname file="${ant.file.swat-dp-tools.device}" property="ant_device.dir" />
    <import file="${ant_device.dir}/taskdefs.xml" />

    <!-- ================================= 
          target: info 
         ================================= -->
    <target name="info">
        <echo message="Macros for devices for swat-dp-tools" />
    </target>

    <!-- = = = = = = = = = = = = = = = = =
	      macrodef: device-export-macro
	     = = = = = = = = = = = = = = = = = -->
    <macrodef name="device-export-macro">
        <attribute name="device" />
        <sequential>
            <!-- Load the device-props -->
            <load-device-props-macro device="@{device}" />

            <!-- Export the objects from domain -->
            <if>
                <not>
                    <isset property="swat.skip.export" />
                </not>
                <then>
                    <device-export-objects-macro device="@{device}" />
                    <if>
                        <available file="config/export/device-export-file-list.xml" />
                        <then>
                            <export-filestore-macro device="@{device}"
                                                    env="@{env}"
                                                    domain="default"
                                                    location="store:" />
                            <export-files-macro device="@{device}"
                                                env="@{env}"
                                                domain="default"
                                                file-list="config/export/device-export-file-list.xml" />
                        </then>
                    </if>
                </then>
                <else>
                    <echo message="ATTENTION: swat.skip.export is enabled - check build.properties and comment (unset) the property." />
                </else>
            </if>

            <!-- Split the export file -->
            <device-split-objects-macro device="@{device}" domain="default" />

            <!-- replace values with tokens -->
            <tokenize-device-config-macro src-dir="dist/export/@{device}-default/xcfg/common" />
        </sequential>
    </macrodef>

    <!-- = = = = = = = = = = = = = = = = =
	      macrodef: device-export-objects-macro          
	     = = = = = = = = = = = = = = = = = -->
    <macrodef name="device-export-objects-macro">
        <attribute name="device" />
        <sequential>
            <!-- Prepare the soma-request device-export -->
            <soma-prepare-request-macro soma.request="device-export" content.exists="false" tmp.dir="download" />

            <!-- Run the soma-request device-export -->
            <soma-run-single-request-on-single-device-macro device="@{device}"
                                                            soma.request="device-export"
                                                            tmp.dir="download"
                                                            check.response="true" />

            <!-- Extract the objects from the downloaded soma-response -->
            <extract-zip-file-macro soma.request="device-export" tmp.dir="download" />
        </sequential>
    </macrodef>

    <!-- = = = = = = = = = = = = = = = = =
	      macrodef: device-deploy-macro
	     = = = = = = = = = = = = = = = = = -->
    <macrodef name="device-deploy-macro">
        <attribute name="device" />
        <attribute name="deployment.policy" default="" />
        <sequential>
            <!-- Load the device-props -->
            <load-device-props-macro device="@{device}" />

            <!-- Clear the upload directories -->
            <delete dir="dist/upload" />
            <mkdir dir="dist/upload" />

            <!-- Check for saved changes on device-set -->

            <!-- Save configuration check point on device-set -->

            <!-- import default domain config -->
            <soma-prepare-request-macro soma.request="device-import"
                                        device="@{device}"
                                        content.exists="true"
                                        content.dir="dist"
                                        content.file="default-@{device}.zip"
                                        deployment.policy="@{deployment.policy}" />
            <!-- TODO Deployment policy -->
            <soma-run-single-request-on-single-device-macro tmp.dir="upload"
                                                            device="@{device}"
                                                            soma.request="device-import"
                                                            check.response="true" />

            <!-- Check for success on device-set 
				- success: save config
				- failure: rollback to config-check-point -->

        </sequential>
    </macrodef>

    <!-- = = = = = = = = = = = = = = = = =
	      macrodef: secure-backup-macro          
	     = = = = = = = = = = = = = = = = = -->
    <macrodef name="secure-backup-macro">
        <attribute name="device" />
        <attribute name="destination" />
        <attribute name="cert" />
        <attribute name="include-iscsi" />
        <attribute name="include-raid" />
        <sequential>

            <!-- Define content filterset -->
            <filterset id="secure.backup.filter" onmissingfiltersfile="ignore">
                <filter token="secure.backup.cert" value="@{cert}" />
                <filter token="secure.backup.destination" value="@{destination}/${FILESTAMP}" />
                <filter token="secure.backup.include.iscsi" value="@{include-iscsi}" />
                <filter token="secure.backup.include.raid" value="@{include-raid}" />
            </filterset>

            <!-- Prepare the soma-request device-export -->
            <soma-prepare-request-macro soma.request="secure-backup"
                                        content.exists="false"
                                        tmp.dir="ops"
                                        custom.filter="secure.backup.filter" />

            <!-- Run the soma-request device-export -->
            <soma-run-single-request-on-single-device-macro device="@{device}"
                                                            soma.request="secure-backup"
                                                            tmp.dir="download"
                                                            check.response="true" />

        </sequential>
    </macrodef>
</project>