<?xml version="1.0" encoding="ISO-8859-1"?>

<!-- ================================================================================================= -->
<!-- schlag&rahm WebSphere Administration Toolkit for IBM WebSphere DataPower SOA appliances (Swat4DP) -->
<!-- Licensed Materials - Property of schlag&rahm -->
<!-- Copyright � 2010, 2013 schlag&rahm AG, Switzerland. All rights reserved. -->
<!-- Licensed Materials - Property of IBM -->
<!-- Copyright IBM Corporation 2013. All Rights Reserved. -->
<!-- US Government Users Restricted Rights - Use, duplication or disclosure -->
<!-- restricted by GSA ADP Schedule Contract with IBM Corp. -->
<!-- ================================================================================================= -->

<!-- ====================================================================== -->
<!-- Ant build file (http://ant.apache.org/) for Ant 1.8.2 or above. -->
<!-- ====================================================================== -->
<project name="swat.dp.tools.dialogs" default="info" basedir=".">

    <dirname file="${ant.file.swat.dp.tools.dialogs}" property="ant_dialogs.dir" />
    <import file="${ant_dialogs.dir}/taskdefs.xml" />
    <property name="swat.styles.dir" value="${ant_dialogs.dir}/../style" />

    <!-- - - - - - - - - - - - - - - - - - 
          target: info              
         - - - - - - - - - - - - - - - - - -->
    <target name="info">
        <echo message="Targets for displaying dialogs." />
        <echo message="ant_dialogs.dir = ${ant_dialogs.dir}" />
        <echoproperties prefix="swat" />
    </target>

    <!-- = = = = = = = = = = = = = = = = =
          macrodef: dialog-confirm-productive-macro          
         = = = = = = = = = = = = = = = = = -->
    <macrodef name="dialog-confirm-productive-macro">
        <attribute name="function" />
        <attribute name="label" default="Are you sure you want to run this in a PRODUCTIVE environment?" />
        <attribute name="lbl-spec" />
        <sequential>
            <if>
                <and>
                    <equals arg1="${swat.env.type}" arg2="productive" />
                    <not>
                        <isset property="confirmprod" />
                    </not>
                </and>
                <then>
                    <antform title="Confirm PRODUCTIVE - @{function}"
                             stylesheet="${swat.styles.dir}/style.properties"
                             icon="${swat.styles.dir}/favicon.png">
                        <label>@{label}</label>
                        <label>Function: @{function}</label>
                        <label>@{lbl-spec}</label>
                        <separator />
                        <controlbar>
                            <button label="Yes" type="ok" />
                            <button label="No" type="cancel" target="cancel" />
                        </controlbar>
                    </antform>
                </then>
            </if>
        </sequential>
    </macrodef>

    <!-- = = = = = = = = = = = = = = = = =
          macrodef: dialog-confirm-macro          
         = = = = = = = = = = = = = = = = = -->
    <macrodef name="dialog-confirm-macro">
        <attribute name="title" />
        <attribute name="label" />
        <attribute name="content" default="notset" />
        <attribute name="fail-message" />
        <sequential>
            <property name="local.confirm" value="false" />
            <condition property="content.available">
                <not>
                    <equals arg1="@{content}" arg2="notset" />
                </not>
            </condition>
            <antform title="Swat4DP - @{title}"
                     stylesheet="${swat.styles.dir}/style.properties"
                     icon="${swat.styles.dir}/favicon.png">
                <label>@{label}</label>
                <separator if="content.available" />
                <label if="content.available">@{content}</label>
                <separator />
                <booleanProperty label="Do you confirm? "
                                 property="local.confirm"
                                 tooltip="please confirm, by checking the box." />
                <separator />
                <controlbar>
                    <button label="Ok" type="ok" />
                    <button label="Cancel" type="cancel" target="cancel" />
                </controlbar>
            </antform>
            <echo message="Result of dialog: ${local.confirm}" />
            <fail message="@{fail-message}">
                <condition>
                    <equals arg1="${local.confirm}" arg2="false" />
                </condition>
            </fail>
        </sequential>
    </macrodef>

    <!-- = = = = = = = = = = = = = = = = =
          macrodef: dialog-password-macro          
         = = = = = = = = = = = = = = = = = -->
    <macrodef name="dialog-password-macro">
        <attribute name="title" default="Password Dialog" />
        <attribute name="label" default="Password:" />
        <attribute name="property" />
        <attribute name="tooltip" default="Enter your account password" />
        <attribute name="fail-message" default="Password is a mandatory field - Login aborted." />
        <sequential>
            <antform title="Swat4DP - @{title}"
                     stylesheet="${swat.styles.dir}/style.properties"
                     icon="${swat.styles.dir}/favicon.png">
                <textproperty label="@{label}" property="@{property}" tooltip="@{tooltip}" password="true" />
                <separator />
                <controlbar>
                    <button label="Ok" type="ok" />
                    <button label="Cancel" type="cancel" target="cancel" />
                </controlbar>
            </antform>
            <fail unless="@{property}" message="@{fail-message}" />
        </sequential>
    </macrodef>


    <!-- = = = = = = = = = = = = = = = = =
          macrodef: dialog-username-password-macro          
         = = = = = = = = = = = = = = = = = -->
    <macrodef name="dialog-username-password-macro">
        <attribute name="title" default="Login" />
        <attribute name="user-label" default="Username:" />
        <attribute name="user-property" />
        <attribute name="pwd-label" default="Password:" />
        <attribute name="pwd-property" />
        <attribute name="user-tooltip" default="Enter your account ID" />
        <attribute name="pwd-tooltip" default="Enter your account password" />
        <attribute name="fail-message" default="Username and Pasword are mandatory fields - Login aborted." />
        <sequential>
            <antform title="Swat4DP - @{title}"
                     stylesheet="${swat.styles.dir}/style.properties"
                     icon="${swat.styles.dir}/favicon.png">
                <textproperty label="@{user-label}"
                              property="@{user-property}"
                              tooltip="@{user-tooltip}"
                              password="false" />
                <textproperty label="@{pwd-label}"
                              property="@{pwd-property}"
                              tooltip="@{pwd-tooltip}"
                              password="true" />
                <separator />
                <controlbar>
                    <button label="Ok" type="ok" />
                    <button label="Cancel" type="cancel" target="cancel" />
                </controlbar>
            </antform>
            <fail unless="@{user-property}" message="@{fail-message}" />
            <fail unless="@{pwd-property}" message="@{fail-message}" />
        </sequential>
    </macrodef>

    <!-- = = = = = = = = = = = = = = = = =
          macrodef: dialog-export-macro          
         = = = = = = = = = = = = = = = = = -->
    <macrodef name="dialog-export-macro">
        <attribute name="title" />
        <sequential>
            <property name="export.service.object.name" value="${service.object.name}" />
            <property name="export.device.name" value="${swat.device.master}" />
            <property name="export.tokenize.config" value="true" />

            <antform title="Swat4DP - @{title}"
                     stylesheet="${swat.styles.dir}/style.properties"
                     icon="${swat.styles.dir}/favicon.png">
                <label>Select the object-name, the device and whether to tokenize.</label>
                <textProperty label="Service Object Name : "
                              property="export.service.object.name"
                              tooltip="Name of the object to be exported." />
                <selectionproperty label="Device : "
                                   property="export.device.name"
                                   values="${swat.device.list}"
                                   tooltip="Choose the device to export the service from." />
                <booleanProperty label="Tokenize after export?"
                                 property="export.tokenize.config"
                                 tooltip="if checked the exported xcfg files will be tokenized" />
                <separator />
                <controlbar>
                    <button label="Ok" type="ok" />
                    <button label="Cancel" type="cancel" target="cancel" />
                </controlbar>
            </antform>
            <fail unless="export.device.name" message="Service export has been aborted." />
            <fail unless="export.service.object.name" message="Service export object name is missing!" />
        </sequential>
    </macrodef>

    <!-- = = = = = = = = = = = = = = = = =
          macrodef: dialog-deployment-options-macro          
         = = = = = = = = = = = = = = = = = -->
    <macrodef name="dialog-deployment-options-macro">
        <attribute name="title" />
        <sequential>
            <property name="deploy.quiesce.do" value="true" />
            <property name="deploy.import.do" value="true" />
            <property name="deploy.unquiesce.do" value="true" />
            <property name="deploy.devices.all" value="true" />
            <property name="deploy.device.primary" value="true" />

            <antform title="Swat4DP - @{title}"
                     stylesheet="${swat.styles.dir}/style.properties"
                     icon="${swat.styles.dir}/favicon.png">
                <label>Select various options for deployment of the service.</label>
                <booleanProperty label="Quiesce the service before deployment? "
                                 property="deploy.quiesce.do"
                                 tooltip="Whether to quiesce the service before deployment." />
                <booleanProperty label="Actually do the import of the service objects? "
                                 property="deploy.import.do"
                                 tooltip="Whether to actually import the service objects." />
                <booleanProperty label="Flush the Style- and Document-Caches after deployment? "
                                 property="deploy.flush.cache.do"
                                 tooltip="Whether to flush the caches after deployment. Only works for services with a defined @xml.manager@ token!" />
                <booleanProperty label="Unquiesce the service after deployment? "
                                 property="deploy.unquiesce.do"
                                 tooltip="Whether to unquiesce the service after deployment." />
                <separator />
                <booleanProperty label="Do the deployment on all devices of the given device-set? "
                                 property="deploy.devices.all"
                                 tooltip="Whether to deploy on all devices of the set." />
                <booleanProperty label="Deploy only to the primary device or to all secondaries (if not all-devices selected above)?"
                                 property="deploy.device.primary"
                                 tooltip="if all-devices is not checked above, this determines whether to deploy on the primary only, or on the secondary devices only." />
                <separator />
                <controlbar>
                    <button label="Ok" type="ok" />
                    <button label="Cancel" type="cancel" target="cancel" />
                </controlbar>
            </antform>
        </sequential>
    </macrodef>

    <!-- = = = = = = = = = = = = = = = = =
          macrodef: dialog-password-alias-macro          
         = = = = = = = = = = = = = = = = = -->
    <macrodef name="dialog-password-alias-macro">
        <attribute name="title" default="Password Map Alias Dialog" />
        <sequential>
            <property name="password.alias.overwrite" value="false" />
            <antform title="Swat4DP - @{title}"
                     stylesheet="${swat.styles.dir}/style.properties"
                     icon="${swat.styles.dir}/favicon.png">
                <textproperty label="Object Name : "
                              property="password.alias.name"
                              tooltip="PasswordAlias object name" />
                <textProperty label="Comment     : "
                              property="password.alias.comment"
                              tooltip="PasswordAlias user summary" />
                <textproperty label="Password    : "
                              property="password.alias.secret"
                              tooltip="PasswordAlias value"
                              password="true" />
                <booleanProperty label="Overwrite? "
                                 property="password.alias.overwrite"
                                 tooltip="Whether to overwrite an existing PasswordAlias entry." />
                <separator />
                <controlbar>
                    <button label="Ok" type="ok" />
                    <button label="Cancel" type="cancel" target="cancel" />
                </controlbar>
            </antform>
            <fail unless="password.alias.name" message="Object Name is a mandatory field - Upload aborted." />
            <fail unless="password.alias.secret" message="Password is a mandatory field - Upload aborted." />
            <!-- Use XML character entity references to escape. &lt; &gt; &quot; &amp; &apos; -->
            <propertyregex property="password.alias.secret" input="${password.alias.secret}" regexp="&amp;" replace="&amp;amp;" override="true" global="true" />
            <propertyregex property="password.alias.secret" input="${password.alias.secret}" regexp="&lt;" replace="&amp;lt;" override="true" global="true" />
            <propertyregex property="password.alias.secret" input="${password.alias.secret}" regexp="&gt;" replace="&amp;gt;" override="true" global="true" />
            <propertyregex property="password.alias.secret" input="${password.alias.secret}" regexp="&apos;" replace="&amp;apos;" override="true" global="true" />
            <propertyregex property="password.alias.secret" input="${password.alias.secret}" regexp="&quot;" replace="&amp;quot;" override="true" global="true" />
        </sequential>
    </macrodef>

    <!-- = = = = = = = = = = = = = = = = =
          macrodef: dialog-secure-backup-macro          
         = = = = = = = = = = = = = = = = = -->
    <macrodef name="dialog-secure-backup-macro">
        <attribute name="title" />
        <sequential>
            <property name="backup.cert" value="DataPowerSecureBackup" />
            <property name="backup.destination" value="local:///ondisk/securebackup/foo" />
            <property name="backup.include.iscsi" value="off" />
            <property name="backup.include.raid" value="off" />

            <antform title="Swat4DP - @{title}"
                     stylesheet="${swat.styles.dir}/style.properties"
                     icon="${swat.styles.dir}/favicon.png">
                <label>Select Secure Backup options.</label>
                <textproperty label="Secure Backup Certificate : "
                              property="backup.cert"
                              tooltip="The certificate to be used for the secure backup." />
                <textproperty label="Destination : "
                              property="backup.destination"
                              tooltip="Where to store the secure backup files." />
                <separator />
                <booleanProperty label="Include iSCIS? "
                                 property="backup.include.iscsi"
                                 tooltip="Whether to include the iSCSI content in the secure backup." />
                <booleanProperty label="Include RAID?"
                                 property="backup.include.raid"
                                 tooltip="Whether to include the RAID content in the secure backup." />
                <separator />
                <controlbar>
                    <button label="Ok" type="ok" />
                    <button label="Cancel" type="cancel" target="cancel" />
                </controlbar>
            </antform>
        </sequential>
    </macrodef>

    <!-- = = = = = = = = = = = = = = = = =
          macrodef: dialog-upload-file-macro          
         = = = = = = = = = = = = = = = = = -->
    <macrodef name="dialog-upload-file-macro">
        <attribute name="title" default="Upload File Dialog" />
        <sequential>
            <antform title="Swat4DP - @{title}"
                     stylesheet="${swat.styles.dir}/style.properties"
                     icon="${swat.styles.dir}/favicon.png">
                <separator />
                <fileSelectionProperty label="Select source file : "
                                       property="uploadfile.source.file"
                                       directoryChooser="false"
                                       tooltip="Source file to be uploaded." />
                <separator />
                <textProperty label="Target directory : "
                              property="uploadfile.target.dir"
                              tooltip="DataPower target directory." />
                <controlbar>
                    <button label="Ok" type="ok" />
                    <button label="Cancel" type="cancel" target="cancel" />
                </controlbar>
            </antform>

            <fail unless="uploadfile.target.dir" message="Target directory has to be specified." />
            <fail unless="uploadfile.source.file" message="Source file has not been selected." />
        </sequential>
    </macrodef>

    <!-- = = = = = = = = = = = = = = = = =
          macrodef: dialog-single-property-macro          
         = = = = = = = = = = = = = = = = = -->
    <macrodef name="dialog-single-property-macro">
        <attribute name="title" default="Property Dialog" />
        <attribute name="label" default="Property:" />
        <attribute name="property" />
        <attribute name="tooltip" default="Enter your value" />
        <attribute name="fail-message" default="Property @{property} is a mandatory field." />
        <sequential>
            <antform title="Swat4DP - @{title}"
                     stylesheet="${swat.styles.dir}/style.properties"
                     icon="${swat.styles.dir}/favicon.png">
                <textproperty label="@{label}" property="@{property}" tooltip="@{tooltip}" />
                <separator />
                <controlbar>
                    <button label="Ok" type="ok" />
                    <button label="Cancel" type="cancel" target="cancel" />
                </controlbar>
            </antform>
            <fail unless="@{property}" message="@{fail-message}" />
        </sequential>
    </macrodef>
</project>