<?xml version="1.0" encoding="ISO-8859-1"?>

<!-- ================================================================================================= -->
<!-- schlag&rahm WebSphere Administration Toolkit for IBM WebSphere DataPower SOA appliances (Swat4DP) -->
<!-- Copyright � 2013 schlag&rahm AG, Switzerland. All rights reserved. -->
<!-- ================================================================================================= -->

<!-- ====================================================================== -->
<!-- Ant build file (http://ant.apache.org/) for Ant 1.8.2 or above. -->
<!-- ====================================================================== -->
<project name="swat-dp-tools.mail-macros" default="info" basedir=".">

	<dirname file="${ant.file.swat-dp-tools.mail-macros}" property="ant_mailmacros.dir" />
	<import file="${ant_mailmacros.dir}/taskdefs.xml" />

	<!-- ================================= 
          target: info              
         ================================= -->
	<target name="info">
		<echo message="Macros for mail for swat-dp-tools" />
	</target>

	<!-- ================================= 
          macrodef: send-mail-macro 
         ================================= -->
	<macrodef name="send-mail-macro">
		<attribute name="mail.to" />
		<attribute name="mail.from" default="${env.FULL_NAME} &lt;${user.name}&gt;" />
		<attribute name="mail.cclist" default="${user.name}" />
		<attribute name="subject" />
		<attribute name="message" />
		<attribute name="att.dir" />
		<attribute name="att.file" />
		<sequential>
			<mail mailhost="${swat.smtp.host}" mailport="${swat.smtp.port}" subject="@{subject}" cclist="@{mail.cclist}">
				<to address="@{mail.to}" />
				<from address="@{mail.from}" />
				<message>@{message}</message>
				<attachments>
					<fileset dir="@{att.dir}">
						<include name="@{att.file}" />
					</fileset>
				</attachments>
			</mail>
		</sequential>
	</macrodef>

	<!-- ================================= 
		  macrodef: check-mail-address-macro 
		 ================================= -->
	<macrodef name="check-mail-address-macro">
		<attribute name="addr.prop" />
		<sequential>
			<fail message="The mail address attribute 'addr.prop' is not defined!">
				<condition>
					<not>
						<isset property="@{addr.prop}" />
					</not>
				</condition>
			</fail>
			<propertycopy name="addr" from="@{addr.prop}" />
			<fail message="The mail address '${addr} is defined, but empty!">
				<condition>
					<length string="${addr}" trim="true" length="0" />
				</condition>
			</fail>
		</sequential>
	</macrodef>

</project>