<?xml version="1.0" encoding="ISO-8859-1"?>

<!-- ================================================================================================= -->
<!-- schlag&rahm WebSphere Administration Toolkit for IBM WebSphere DataPower SOA appliances (Swat4DP) -->
<!-- Licensed Materials - Property of schlag&rahm -->
<!-- Copyright � 2010, 2013 schlag&rahm AG, Switzerland. All rights reserved. -->
<!-- Licensed Materials - Property of IBM -->
<!-- Copyright IBM Corporation 2013. All Rights Reserved. -->
<!-- US Government Users Restricted Rights - Use, duplication or disclosure -->
<!-- restricted by GSA ADP Schedule Contract with IBM Corp. -->
<!-- ================================================================================================= -->

<!-- ====================================================================== -->
<!-- Ant build file (http://ant.apache.org/) for Ant 1.8.2 or above. -->
<!-- ====================================================================== -->
<project name="swat-dp-tools.ops-macros" default="info" basedir=".">

    <dirname file="${ant.file.swat-dp-tools.ops-macros}" property="ant_opsmacros.dir" />
    <import file="${ant_opsmacros.dir}/taskdefs.xml" />

    <!-- ================================= 
          target: info 
         ================================= -->
    <target name="info">
        <echo message="Macros for operations for swat-dp-tools" />
    </target>

    <!-- = = = = = = = = = = = = = = = = =
          macrodef: ping-host-macro
         = = = = = = = = = = = = = = = = = -->
    <macrodef name="ping-host-macro">
        <attribute name="device" />
        <attribute name="host" default="localhost" />
        <sequential>
            <!-- Adjust filter (add host) -->
            <echo message="run ping on device @{device} for host @{host}" />

            <filterset id="host.filter.id">
                <filter token="remote.host.name" value="@{host}" />
            </filterset>

            <!-- prepare soma-request ping -->
            <soma-prepare-request-macro soma.request="ping"
                                        custom.filter="host.filter.id"
                                        device="@{device}"
                                        content.exists="false"
                                        tmp.dir="test" />

            <!-- run soma-request ping on device -->
            <soma-run-single-request-on-single-device-macro device="@{device}"
                                                            soma.request="ping"
                                                            tmp.dir="test"
                                                            check.response="false" />
        </sequential>
    </macrodef>

    <!-- = = = = = = = = = = = = = = = = =
          macrodef: get-status-macro          
         = = = = = = = = = = = = = = = = = -->
    <macrodef name="get-status-macro">
        <attribute name="device" />
        <attribute name="domain" default="default" />
        <attribute name="status" default="CPUUsage" />
        <sequential>
            <!-- Adjust filter (add host) -->
            <echo message="run get-stutus @{status} on device @{device}" />

            <filterset id="status.filter.id">
                <filter token="status.provider" value="@{status}" />
            </filterset>

            <!-- prepare soma-request ping -->
            <soma-prepare-request-macro soma.request="status-get"
                                        custom.filter="status.filter.id"
                                        device="@{device}"
                                        domain="@{domain}"
                                        content.exists="false"
                                        tmp.dir="status/@{device}/@{domain}" />

            <!-- run soma-request ping on device -->
            <soma-run-single-request-on-single-device-macro device="@{device}"
                                                            soma.request="status-get"
                                                            tmp.dir="status/@{device}/@{domain}"
                                                            check.response="false" />
        </sequential>
    </macrodef>

</project>